discharge_number,average_voltage_V,minimum_voltage_V_x,maximum_voltage_V_x,average_current_A,maximum_current_A,average_temperature_C,maximum_temperature_C_x,capacity_Ah,SOH_percent,capacity_loss_percent,energy_Wh,average_power_W,maximum_power_W,minimum_power_W,minimum_voltage_V_y,maximum_voltage_V_y,maximum_temperature_C_y
1,3.5298286688693397,2.612467347907089,4.191491807505295,-1.8187019641679725,0.000728585272845447,32.572328114029,38.98218133148803,1.8564874208181574,100.0,0.0,6.6087781949284645,6.4632035782940935,7.999540295448557,0.0007204820109987193,2.612467347907089,4.191491807505295,38.98218133148803
2,3.5373201277859705,2.587208728940726,4.189773213846608,-1.8175598506612867,0.002927403359080335,32.72523522519307,39.033397966787035,1.846327249719927,99.45272071416714,0.547279285832856,6.586345150397566,6.47261196803546,8.01662409619995,8.903762393395971e-05,2.587208728940726,4.189773213846608,39.033397966787035
3,3.5437367282719,2.6519168938437794,4.188186735991303,-1.8164865418840956,0.0014836763652280672,32.64286193755933,38.818796689817404,1.8353491942234077,98.86138595081705,1.13861404918295,6.555683334957384,6.476840373944161,8.02159650145103,0.0003492491038423405,2.6519168938437794,4.188186735991303,38.818796689817404
4,3.5436661072601456,2.592947964776547,4.188461118855572,-1.8255891938692528,0.001547011952723541,32.514876462048825,38.7623045063458,1.8352625275821128,98.85671763794173,1.143282362058276,6.5548286069376,6.509010349406403,8.009677053833263,0.00014356154051890562,2.592947964776547,4.188461118855572,38.7623045063458
5,3.5423432526672167,2.547419651124539,4.188298524761055,-1.8261139590277584,0.001701454824503414,32.38234901543077,38.66539257343368,1.8346455082120419,98.82348178817772,1.1765182118222914,6.552231972609875,6.5102405373451955,8.020337120970723,3.053362831617426e-05,2.547419651124539,4.188298524761055,38.66539257343368
6,3.5413347346347575,2.5209480504077413,4.188815807948604,-1.8168108743168805,0.0024899497555445145,32.43418218230641,38.75169504640032,1.8356616600675495,98.87821697485944,1.1217830251405627,6.557494548054203,6.47930923440532,8.017807808159468,2.9641302206279315e-05,2.5209480504077413,4.188815807948604,38.75169504640032
7,3.5410250495075206,2.487927319492314,4.18839163793879,-1.816791144707133,0.002314295882739856,32.48041644475799,38.8207012322275,1.8351461429226603,98.85044855913476,1.1495514408652427,6.557049661436373,6.48048355519179,8.032256573878646,0.0002961036339070557,2.487927319492314,4.18839163793879,38.8207012322275
8,3.554133296801585,2.6652049047458775,4.188927891511958,-1.8443412120754061,0.002227616056915605,32.41046186109587,38.51713023385634,1.8257567905665537,98.34468955151549,1.6553104484845187,6.535167110927523,6.589849808804335,8.02185752407804,0.0008631045073838764,2.6652049047458775,4.188927891511958,38.51713023385634
9,3.5529355991467946,2.6038584726333673,4.189029250882121,-1.853972745505648,0.005401028321021492,32.34614083129999,38.526267904657,1.8247738529891333,98.29174345738105,1.7082565426189582,6.5291073135895505,6.621885371651223,8.021052927126735,0.0019389914302139768,2.6038584726333673,4.189029250882121,38.526267904657
10,3.5512057319376997,2.552853984885676,4.189223427076418,-1.8535899338510957,0.0030191479674457028,32.27679750791685,38.52698128472781,1.824613268496936,98.2830935473199,1.7169064526801034,6.526577749922872,6.618774596469597,8.02662527615058,0.00015604393737850622,2.552853984885676,4.189223427076418,38.52698128472781
11,3.54929231974095,2.4724483018527317,4.188916055911241,-1.863380178294828,0.002626400189938571,32.15709350345253,38.54143406601644,1.8246195526864504,98.28343204622077,1.7165679537792304,6.5224730397045345,6.649558123339849,8.01912489715708,0.0007587805027272423,2.4724483018527317,4.188916055911241,38.54143406601644
12,3.5597592206489757,2.64956413267546,4.189876247266316,-1.872968810287894,0.00236452370176732,32.36407129853099,38.52197451768004,1.8142019357673917,97.72228539894279,2.277714601057215,6.497483643883568,6.695832461852113,8.031478424157507,0.0006549511112914562,2.64956413267546,4.189876247266316,38.52197451768004
13,3.558081969139198,2.5724981777366227,4.189286794768804,-1.8826095043160835,0.0018583785527610795,32.3181954403762,38.582485834057856,1.8137521577549054,97.69805803238793,2.3019419676120685,6.491853045269893,6.72654584784805,8.017710632392506,0.0015091627270690578,2.5724981777366227,4.189286794768804,38.582485834057856
14,3.555692244172496,2.5249886697730286,4.188837765892728,-1.882536787636365,0.0022664654273509715,32.15709029211502,38.520294134873915,1.8134404914735822,97.68127007692816,2.318729923071838,6.487114428498572,6.722629717898331,8.026928002084034,0.0007155853957643176,2.5249886697730286,4.188837765892728,38.520294134873915
15,3.5627468180175024,2.694621861688723,4.189110301768517,-1.8817935155260215,0.001319946437255823,32.04407000314609,38.21358592965045,1.8025980036306504,97.09723768751647,2.902762312483534,6.456673528229404,6.728012948680048,8.016904736944536,0.00012516098056599207,2.694621861688723,4.189110301768517,38.21358592965045
16,3.5614521756489204,2.64010141737067,4.18921207304098,-1.8921861285036712,0.0030782527761262007,31.93159367491153,38.1983618706913,1.80210690024615,97.07078432300706,2.929215676992941,6.451147555097534,6.761453441563162,8.021713074593542,0.0005617467215076972,2.64010141737067,4.18921207304098,38.1983618706913
17,3.5603420474985814,2.5739035098380962,4.188899969428112,-1.9027629207037409,0.0009018486465400538,31.94165535902929,38.31926916027133,1.802579500826209,97.09624103091467,2.903758969085339,6.449580251029462,6.795517762374365,8.030824726649657,0.0005113790949133664,2.5739035098380962,4.188899969428112,38.31926916027133
18,3.5591189041401865,2.4942396831720126,4.188779799856791,-1.9133470605822436,-0.00044812397487015555,31.96500864547673,38.4787542519308,1.8030683142834096,97.12257104811376,2.8774289518862397,6.4472058652048485,6.829234822297298,8.028879112577618,0.0013673661151607504,2.4942396831720126,4.188779799856791,38.4787542519308
19,3.557886771846508,2.4556793246645583,4.189272591516219,-1.9131602105481538,0.002337558709004184,31.966241678512723,38.54659017774874,1.8027776247196041,97.1069130069902,2.8930869930098044,6.444197257048334,6.826892465220932,8.029650030672132,0.0003182575429822531,2.4556793246645583,4.189272591516219,38.54659017774874
20,3.5520375235511916,2.632142800798914,4.187614060563439,-1.8553455745575975,0.005955165804640151,32.37143341978575,38.44749852224995,1.8470259949329193,99.49035873989017,0.5096412601098294,6.611240878678175,6.629801301147041,8.024513679928061,0.00011542679881491737,2.632142800798914,4.187614060563439,38.44749852224995
21,3.5525668436897124,2.5027764692056795,4.1876287811083985,-1.8746995273150973,0.0016182635202416972,32.70024990461686,38.992275791716615,1.847417311283644,99.5114370594272,0.48856294057280264,6.611161010084513,6.697785341423938,8.010194948624521,0.00012551518260974493,2.5027764692056795,4.1876287811083985,38.992275791716615
22,3.556794038327039,2.617507742871704,4.187447226312926,-1.8738272127883846,0.002519215784369448,32.32266411829938,38.51424197364312,1.8361774213478947,98.90599854098058,1.0940014590194223,6.574821168404174,6.697809763320808,8.021340956304742,0.001288657245526844,2.617507742871704,4.187447226312926,38.51424197364312
23,3.5614100044534203,2.694074478000972,4.187344026387161,-1.883193546754683,0.0037933120349866447,31.98795810666763,38.165816144899125,1.8257807475776242,98.34597999985365,1.6540200001463372,6.539641286548478,6.733348350966108,8.021840241755182,0.000455852644969092,2.694074478000972,4.187344026387161,38.165816144899125
24,3.5566107947817995,2.6237674644021887,4.187438187636325,-1.873239184822504,0.00343888873867598,31.89445652469139,38.16526203587147,1.8251136435078368,98.31004632950896,1.689953670491027,6.532620983797102,6.693232702740048,8.021456188236606,0.0007957629570880088,2.6237674644021887,4.187438187636325,38.16526203587147
25,3.5586742170266272,2.5010798299873738,4.18774138117799,-1.9139593751505897,0.0012614422239159216,31.78039681801023,38.27549578575718,1.8255815042203762,98.33524772367372,1.664752276326273,6.527920631813516,6.832255483079134,8.019597957764123,0.0008234295914810651,2.5010798299873738,4.18774138117799,38.27549578575718
26,3.564103182686904,2.6849988185249796,4.188261122540052,-1.9030532722310993,0.0031353992245556606,31.688747146342205,37.982160799183106,1.8140311275083907,97.71308478400267,2.286915215997326,6.495263190740645,6.802122377734491,8.02263926667749,0.00021839004992538956,2.6849988185249796,4.188261122540052,37.982160799183106
27,3.5595880635942723,2.547109116468133,4.187338767288234,-1.9134590742247917,0.0011043615738374486,31.596747992569153,38.11100191887773,1.8147691941158939,97.75284086310275,2.2471591368972623,6.489442748159886,6.830274585472465,8.018803173204809,0.0004963553105264998,2.547109116468133,4.187338767288234,38.11100191887773
28,3.556833231052199,2.471314764334132,4.187560306288175,-1.913620909902553,-3.060676830687782e-05,31.565586498787074,38.18831137948753,1.813969388710352,97.70975921350076,2.2902407864992473,6.482180288608384,6.826476707515011,8.023842079442435,9.796819946259619e-05,2.471314764334132,4.187560306288175,38.18831137948753
29,3.5624410850948953,2.6613903306108773,4.18805176248713,-1.9025819745719057,0.0037901043107805275,31.591246670452076,37.998541119085836,1.802765665167823,97.10626880376819,2.893731196231815,6.451556870936514,6.796596639594283,8.020222632894868,2.105766384274456e-05,2.6613903306108773,4.18805176248713,37.998541119085836
30,3.559140710685566,2.541762355407921,4.187667484260542,-1.913062163863896,0.0006901740069088986,31.603485399391182,38.194201649765226,1.804077040117352,97.17690623092355,2.8230937690764444,6.449409259843297,6.826858306685601,8.028773753027894,0.0012181462446915245,2.541762355407921,4.187667484260542,38.194201649765226
31,3.5573161327793144,2.628919415830567,4.2010701773378685,-1.9206181171184122,0.0008475435827522827,31.91556385491565,38.45796400011448,1.8518025516704486,99.74764875349146,0.2523512465085379,6.6214238417618985,6.857390836710793,8.06013253565991,0.00016368089732384991,2.628919415830567,4.2010701773378685,38.45796400011448
32,3.5618707827727376,2.6312552691827045,4.1996223345495824,-1.9298830859597569,0.0011650883880798665,32.081128118597164,38.49126351534004,1.8307038456739428,98.61116348782737,1.388836512172634,6.550749752385637,6.895459269597522,8.080186330056767,0.0005940865674766583,2.6312552691827045,4.1996223345495824,38.49126351534004
33,3.5617586337260088,2.654880745360911,4.199853323702163,-1.9293005284805402,0.0019472390588109682,31.84979263289625,38.31473393357882,1.8199041089501267,98.02943389447215,1.9705661055278485,6.510886361026922,6.891951048260934,8.062666591838973,0.0006425054900265975,2.654880745360911,4.199853323702163,38.31473393357882
34,3.5597307651083123,2.6749688422803803,4.199103467081427,-1.9233309877703135,0.0018372947715281892,31.465690433362017,37.861934640176806,1.8093079637028517,97.45867078945713,2.5413292105428655,6.469268383163047,6.866777796490053,8.061917143682537,0.0004951757502302108,2.6749688422803803,4.199103467081427,37.861934640176806
35,3.5575937553540915,2.6159705726789904,4.199998536865001,-1.9284469980320087,0.0074961910680886356,31.409348956650316,37.90665575786083,1.80460990458052,97.20560906279802,2.7943909372019857,6.448258261024923,6.880511822437924,8.065567061663153,0.0011021290318552319,2.6159705726789904,4.199998536865001,37.90665575786083
36,3.5597237883937995,2.658447162110498,4.19967522099872,-1.9231439161693828,0.001392374886299951,31.902247475518077,38.34003238560517,1.7993770651972192,96.92374130950105,3.076258690498943,6.434013039595092,6.866073409345635,8.068603074609106,0.0005388194253844032,2.658447162110498,4.19967522099872,38.34003238560517
37,3.559061771422033,2.6979426084271156,4.1991847248803165,-1.9170149640438081,0.0025753372180031702,31.649024294808623,38.0745950590744,1.7884432335370462,96.33478867036308,3.6652113296369158,6.393192582022831,6.842461082466424,8.068008961128665,0.00034341450325145445,2.6979426084271156,4.1991847248803165,38.0745950590744
38,3.557015527748059,2.6617272246516333,4.200012480335,-1.922048805055383,0.0011747056452339859,31.48874626238971,38.07252758016199,1.7829230484252723,96.03744299218224,3.9625570078177637,6.36913041109019,6.855631992287515,8.068017402699052,0.0002310290169913966,2.6617272246516333,4.200012480335,38.07252758016199
39,3.5562481933590964,2.699288287625812,4.1992373656547874,-1.9162302821549877,0.0023816748049826563,31.329995610092634,37.80133585100446,1.7730337158018288,95.50475246530081,4.495247534699183,6.332119975253013,6.833068359634159,8.06651768155854,0.0008994328164086122,2.699288287625812,4.1992373656547874,37.80133585100446
40,3.553275652609179,2.6127932408838532,4.1993957811187075,-1.9220800182578983,0.0021374370347549054,31.569551201845574,38.39873985476869,1.773037755078937,95.50497004162602,4.495029958373976,6.327977828305635,6.849170314749957,8.064192952577228,6.468253168682228e-05,2.6127932408838532,4.1993957811187075,38.39873985476869
41,3.5562664316402546,2.6637064901468075,4.1995786980260705,-1.9162417890311962,0.00151986195803867,32.111426258867944,38.74929237918251,1.7678721106662054,95.22672175646096,4.773278243539032,6.314847281055934,6.834364002753967,8.065768133485529,0.00043955788930603407,2.6637064901468075,4.1995786980260705,38.74929237918251
42,3.5563095420140822,2.6668454289754746,4.199546957512695,-1.9158809823517762,0.0018244735178706453,32.271676011112376,38.87275464755104,1.7623150704093087,94.92739086983165,5.072609130168349,6.2948122663658,6.832819135172621,8.062393181540374,0.0013209703555137637,2.6668454289754746,4.199546957512695,38.87275464755104
43,3.558950851054106,2.684431051981017,4.194091469340824,-1.9114406265753041,0.0005228307091433465,31.842291659678658,38.503541429116005,1.7676172924938447,95.21299593373234,4.787004066267656,6.312622563983889,6.813263728269927,8.026707983383412,0.00037501901210927114,2.684431051981017,4.194091469340824,38.503541429116005
44,3.5534418211598053,2.645224362345869,4.200715235801255,-1.9158166997544155,0.002427106886628309,31.759815453754253,38.27009094548294,1.762668359743147,94.94642085785509,5.0535791421449145,6.290405274839963,6.826369281103449,8.06792228667438,0.001200127096186111,2.645224362345869,4.200715235801255,38.27009094548294
45,3.5510121537420285,2.6603527244917,4.1990980807180325,-1.9151304155635374,0.0006158711833322257,31.41911167391793,38.11684755251712,1.7517304870664143,94.35725054869607,5.642749451303933,6.246148229446523,6.818122618876961,8.060078930528752,0.0009405400643898404,2.6603527244917,4.1990980807180325,38.11684755251712
46,3.551317608213948,2.6926849789916263,4.199398534411534,-1.9148485784393636,0.0008035192993614022,31.331626572312267,38.04152715355532,1.7418496047960008,93.82501520146927,6.174984798530739,6.210316132444617,6.816625129168319,8.071104232235502,0.0014041107558361435,2.6926849789916263,4.199398534411534,38.04152715355532
47,3.549003180550162,2.670544734728978,4.199122915612965,-1.9144128654409127,0.0014889451776809062,31.359341314251374,38.17980302242767,1.7360913511847138,93.51484592444021,6.485154075559793,6.1861677464656495,6.811013996308401,8.060918466069733,0.0002501163923183093,2.670544734728978,4.199122915612965,38.17980302242767
48,3.559764834095517,2.605158060541757,4.190409478081396,-1.9388813849818083,0.002493114712392233,34.31088483888259,40.71218198711114,1.7936240148573608,96.61385230754256,3.3861476924574383,6.412408120460117,6.921217051190698,8.064242931318287,1.9731401202101402e-05,2.605158060541757,4.190409478081396,40.71218198711114
49,3.5623454342368555,2.672012007453096,4.199933846791869,-1.927509725704535,0.002858970104521588,33.43585640373787,39.885261233152924,1.7831890223273275,96.05176972012408,3.9482302798759195,6.379642018495001,6.885599162448458,8.06854842380987,0.0013045810991065214,2.672012007453096,4.199933846791869,39.885261233152924
50,3.558336657621618,2.674271233724938,4.199365021329158,-1.92671859778394,0.0012369720338688353,32.66698125020078,39.18287352945846,1.7673642076278957,95.19936347583841,4.800636524161579,6.314810424724099,6.87354561138607,8.077304472630962,8.3317517929099e-05,2.674271233724938,4.199365021329158,39.18287352945846
51,3.554013138622869,2.6309416727017187,4.19902365945384,-1.9261308349663748,0.0027115029184951785,32.284234086913976,38.951564804030774,1.7570177850353066,94.64205172265511,5.357948277344879,6.270513450066385,6.863369123676514,8.060393367884938,0.001149848669258961,2.6309416727017187,4.19902365945384,38.951564804030774
52,3.552376095886298,2.6629725743154204,4.199432142144215,-1.9202346781375208,0.003127245831423531,32.00739178780946,38.607510759873634,1.7468706179837907,94.09547290193551,5.904527098064493,6.231290262218774,6.838935687560372,8.057102430734089,0.0007721956932653565,2.6629725743154204,4.199432142144215,38.607510759873634
53,3.549618661283733,2.612942119873717,4.199640922827531,-1.9201011498853628,0.0012894534058489268,32.063870718860564,38.920359903369054,1.7417172507457144,93.81788592880078,6.182114071199234,6.208654358182036,6.834046061848448,8.057600540020863,0.00040507901409225425,2.612942119873717,4.199640922827531,38.920359903369054
54,3.54938103086703,2.6157198442661476,4.199305653118061,-1.914427810545647,0.0010352326876111328,32.43754560319043,39.23273115358871,1.7364225056478186,93.53268361401415,6.467316385985851,6.190266778442878,6.814379695841215,8.060058418625795,0.0008614017036615299,2.6157198442661476,4.199305653118061,39.23273115358871
55,3.547211868041895,2.6287695472774453,4.198949734540481,-1.908340706503589,0.002141440621650397,32.16809876635083,38.964927068400804,1.7263217239235826,92.988603346571,7.011396653429008,6.150496704395597,6.7885541998782575,8.05537666595573,0.00010509901754955417,2.6287695472774453,4.198949734540481,38.964927068400804
56,3.5467052098640246,2.6655106679421823,4.19834220599025,-1.902207182631691,0.0017702200905978112,32.05752645824972,38.83927283461771,1.7158065389330133,92.42220117908766,7.577798820912335,6.111427878700762,6.764979844277629,8.05261922339197,5.4674375978175675e-05,2.6655106679421823,4.19834220599025,38.83927283461771
57,3.544629653883431,2.650495153350403,4.198995776266302,-1.9020484449938708,0.0014307662327893813,31.97592092807272,38.82796377704433,1.710533351135192,92.13816005181208,7.8618399481879235,6.08900370564263,6.760397925690198,8.0542255446486,0.000694044160090898,2.650495153350403,4.198995776266302,38.82796377704433
58,3.5436291614253195,2.643236235233877,4.19916986492694,-1.896490767906236,0.00490119980676573,32.21689335291319,39.14007944734004,1.706014499648521,91.89475137389712,8.105248626102881,6.072104140645199,6.739766111294675,8.058971955706332,0.0011433644400691378,2.643236235233877,4.19916986492694,39.14007944734004
59,3.5444946147995253,2.656450207001938,4.199246833083063,-1.895971437908019,0.001796424269077256,32.55632993697177,39.349611598028886,1.7003110272642588,91.58753289666399,8.412467103336011,6.052907268941263,6.739072575760917,8.059575296163013,0.00030556128262418554,2.656450207001938,4.199246833083063,39.349611598028886
60,3.5409201846556857,2.626177688152069,4.1992551886401595,-1.8899648799839273,0.004899013626111221,32.40048085325998,39.29444535878087,1.6945798601797895,91.27882263985312,8.721177360146886,6.027506290155278,6.71216869608281,8.0621284131877,0.0021614662934042275,2.626177688152069,4.1992551886401595,39.29444535878087
61,3.541195668799061,2.6582230344240045,4.199610827671791,-1.8893703824420507,0.002434406743192847,32.29371860868794,39.10487658009542,1.6849029086609286,90.75757205607074,9.24242794392925,5.992186732041017,6.709018129005614,8.062075214226926,7.786586893690488e-05,2.6582230344240045,4.199610827671791,39.10487658009542
62,3.540671044783382,2.695100237338448,4.1994453812630566,-1.877688324343142,0.0014513205321675263,32.13607144806779,39.0462609369598,1.6744741591159717,90.19582574806932,9.804174251930675,5.953447910182052,6.665573870323859,8.056911878240886,0.0007108343241465844,2.695100237338448,4.1994453812630566,39.0462609369598
63,3.5376048790268775,2.639091813583503,4.198991968341307,-1.8831065986697755,0.005933998461667336,32.38268549723498,39.398032192832,1.6745692479879102,90.2009477257823,9.799052274217704,5.950118755495468,6.680956433286482,8.056112807739302,9.813037889507765e-05,2.639091813583503,4.198991968341307,39.398032192832
64,3.538422485261741,2.6857210282450983,4.197785116892181,-1.876359921441716,0.0034449440902895195,32.308999514276366,39.10678394120843,1.663716375981405,89.6163559916933,10.383644008306707,5.911338927626321,6.6566865133627715,8.050009872426374,0.00032578776750526064,2.6857210282450983,4.197785116892181,39.10678394120843
65,3.53928626988912,2.69017866510873,4.201331130571617,-1.8709550260104437,0.0012286208011475699,32.56636929496716,39.44448954135193,1.659013868748246,89.3630546668135,10.636945333186496,5.89685591950186,6.63966822074087,8.064572760482147,0.0005875391948874287,2.69017866510873,4.201331130571617,39.44448954135193
66,3.533690170241391,2.639895313359579,4.199339974904826,-1.870559986828954,0.0006759557151863035,32.465429517518345,39.509602016775695,1.6538540573335014,89.08512057704355,10.91487942295645,5.870096594650038,6.628659592040798,8.056285783978495,0.00018944082925674877,2.639895313359579,4.199339974904826,39.509602016775695
67,3.534367734544494,2.68991452927918,4.198916244859707,-1.8640049795794804,0.0017286665299136564,32.347056454418095,39.334865362245324,1.642653782130131,88.48181591266643,11.51818408733357,5.829762731653808,6.604813070397566,8.0486213427312,0.0004732790410664965,2.68991452927918,4.198916244859707,39.334865362245324
68,3.5312941932103548,2.65935818848874,4.198537488587242,-1.8636932149873204,0.0008822013179447034,32.371538940646154,39.43723270017243,1.6378578430223698,88.22348186450748,11.776518135492518,5.808391755451784,6.598758737978308,8.05484898342312,0.00016730608053296703,2.65935818848874,4.198537488587242,39.43723270017243
69,3.5309134771684274,2.6657030585650423,4.198943932259475,-1.8578203963019067,0.0032196054196979183,32.45549347979197,39.51375235624076,1.6327350407099108,87.94754127611387,12.05245872388613,5.789430024450004,6.577382847105214,8.054558281104022,0.0008485536788327048,2.6657030585650423,4.198943932259475,39.51375235624076
70,3.5287226893409898,2.642986759012803,4.199579806494986,-1.8572160981955346,0.002329222708757339,32.50017194695606,39.60170302810528,1.6277528915533617,87.67917699307695,12.320823006923042,5.7687751891219845,6.571619061158509,8.046244462146612,2.985406086780481e-05,2.642986759012803,4.199579806494986,39.60170302810528
71,3.52625493581969,2.6311169118893036,4.198782234828033,-1.8568340008006832,0.0036382151418645234,32.50100298369444,39.687463597582074,1.622125485521159,87.37605584239753,12.623944157602457,5.744812143134751,6.5657651254602145,8.062270989072031,0.0003397570352005852,2.6311169118893036,4.198782234828033,39.687463597582074
72,3.528684324337005,2.696157404617167,4.19910517813207,-1.844888650021881,0.002409343074541808,32.4728927422438,39.53535075538898,1.6113256603765849,86.79432148624366,13.205678513756336,5.708751046256081,6.525664728344135,8.052208162432121,0.0001403893201139795,2.696157404617167,4.19910517813207,39.53535075538898
73,3.525556939424901,2.6667596238241567,4.198510853141954,-1.8444180038305806,0.0018183081167425818,32.50480154634882,39.6502371632164,1.6065631397488385,86.53778753000239,13.462212469997608,5.687433106523193,6.519063530444587,8.058489671382254,0.0002487822478308303,2.6667596238241567,4.198510853141954,39.6502371632164
74,3.522680564679373,2.6403185448373043,4.198732430468704,-1.8438790389835118,0.0023945547129780136,32.51218336210202,39.69929058154853,1.6015142233917594,86.26582682073705,13.734173179262957,5.665526443449772,6.512479799983173,8.052202844571731,0.0007306361869256762,2.6403185448373043,4.198732430468704,39.69929058154853
75,3.524673458789008,2.69892986372897,4.198799630396931,-1.83711254029409,0.003459179478904217,32.45692821941515,39.56076309770468,1.590369231400328,85.66549999565574,14.334500004344264,5.62737818695699,6.489733338139987,8.04141406412524,0.00022791427556149307,2.69892986372897,4.198799630396931,39.56076309770468
76,3.5213155754526824,2.6682466504352993,4.198753541225669,-1.8315957075983758,0.002911553978859486,32.447059186431154,39.63708096307912,1.5857889968242211,85.4187849075412,14.581215092458798,5.6065200687401715,6.465007198105227,8.046301941036175,7.414065335308742e-05,2.6682466504352993,4.198753541225669,39.63708096307912
77,3.5180338648646203,2.6479207279724903,4.200309982421394,-1.8311195242792309,0.001691287375631991,32.328896549662595,39.43977047692484,1.5849430707374117,85.37321895986369,14.626781040136304,5.598269430363256,6.457264899353971,8.047308674204032,0.0005573690034292093,2.6479207279724903,4.200309982421394,39.43977047692484
78,3.5236841955396794,2.6741633856529066,4.201124089732316,-1.8432799764914718,0.0031344620126884833,32.844884753601065,39.839022256254516,1.5955263892495937,85.94329115068511,14.056708849314894,5.646277397940907,6.51226991089165,8.054440596623627,0.0001544623932856326,2.6741633856529066,4.201124089732316,39.839022256254516
79,3.519146638240667,2.6892528956736257,4.198150316653697,-1.829798505957538,0.002214915830402201,32.31731555011648,39.41794949618613,1.5747301747801037,84.82309964083233,15.17690035916768,5.563177599625904,6.453508820746124,8.038361962340927,0.00036597212218095865,2.6892528956736257,4.198150316653697,39.41794949618613
80,3.516233648608237,2.688809122993162,4.198524048997099,-1.8236746835609148,0.0026959062866318295,32.06376130177751,39.262781682151214,1.5649019950937946,84.29370312695895,15.706296873041058,5.522846592484249,6.425341966575952,8.04359083918625,7.438884757342085e-05,2.688809122993162,4.198524048997099,39.262781682151214
81,3.514773138461639,2.6743555987897745,4.198840869468569,-1.8176720770210877,0.002592567167286657,32.21997626855924,39.47237839941986,1.5597659473370362,84.01704907053151,15.982950929468487,5.502999626339016,6.402120101978245,8.039623161591086,0.00012075870428560835,2.6743555987897745,4.198840869468569,39.47237839941986
82,3.5132992979150073,2.6430294964336345,4.198119631667182,-1.8179238657973993,0.0015197601976623138,32.7120225448885,40.037541469513684,1.5594815668184234,84.00173086716403,15.998269132835977,5.50157399112545,6.402425420905927,8.032637741978677,0.0006959089251249563,2.6430294964336345,4.198119631667182,40.037541469513684
83,3.514484830704665,2.6584858447131823,4.198320288264955,-1.8171606739096455,0.005375811737933425,32.94502214735569,40.142730162011574,1.55468935359061,83.74359751414073,16.25640248585927,5.486394938692131,6.401853094006837,8.03071629544453,0.0009543524884173546,2.6584858447131823,4.198320288264955,40.142730162011574
84,3.5109677353595243,2.629782173759164,4.1980467610750285,-1.8110297241968543,0.001299695920075446,32.857549597381336,40.1165626728546,1.5488741079890418,83.43035835418966,16.569641645810336,5.460410060075624,6.373858900517976,8.040463768121882,4.2418422441361344e-05,2.629782173759164,4.1980467610750285,40.1165626728546
85,3.5109358749578012,2.6622967647315545,4.199047008209673,-1.8094435644526072,0.003654247255878711,32.629663328789654,39.87503330866132,1.538236598942558,82.85736718133292,17.14263281866708,5.420822486326577,6.365999685728776,8.034489452831831,6.865878510313724e-05,2.6622967647315545,4.199047008209673,39.87503330866132
86,3.5093930982174153,2.682380966742509,4.197669918520713,-1.802653733144349,0.0013741929346254653,32.379859014262976,39.61961987024145,1.527914258251028,82.30135260370756,17.69864739629244,5.380457782613523,6.336976980484186,8.032972709463865,0.00013486402818035578,2.682380966742509,4.197669918520713,39.61961987024145
87,3.5066782411556563,2.6401894768922713,4.197600624105256,-1.8031542757366414,0.0020536118932937353,32.68215852457038,40.067324667444815,1.5285252629756445,82.33426447360578,17.665735526394215,5.380485141688906,6.336251018553236,8.028166478490261,7.84935131785483e-05,2.6401894768922713,4.197600624105256,40.067324667444815
88,3.5109885623008097,2.693769409137257,4.197985718630326,-1.7965666438696486,0.002233821019065787,32.99387423636739,40.24716716520102,1.522647325284378,82.01764839394087,17.98235160605912,5.365015925957814,6.319088969456484,8.039862822180563,7.270530567811376e-05,2.693769409137257,4.197985718630326,40.24716716520102
89,3.510305462695178,2.695787450704935,4.198164128530042,-1.7959771394311954,0.0029663849324865874,33.045397072111655,40.30253125568348,1.5174859938489869,81.73963242800902,18.260367571990983,5.345596017946124,6.31551669469223,8.037983537160118,0.001215034430145615,2.695787450704935,4.198164128530042,40.30253125568348
90,3.5222215314850214,2.6920548172137724,4.222920057935785,-1.8229169917572352,0.0015450426899526494,32.856295641052824,40.09418103142496,1.605818899130659,86.49769888680268,13.502301113197326,5.679568548293074,6.43619768202923,8.083225200736253,5.3288678237434546e-05,2.6920548172137724,4.222920057935785,40.09418103142496
91,3.516349215433127,2.629071246219689,4.200423045909808,-1.8294275689587538,0.0029495288044011506,33.33950238056361,40.52238496316615,1.5638491446744425,84.23699116610504,15.763008833894965,5.525941928043904,6.452853735527033,8.061002188961846,0.0004252206720884983,2.629071246219689,4.200423045909808,40.52238496316615
92,3.5134397623234963,2.631343871050918,4.198372063670128,-1.816317296828028,0.0016903309192767824,33.35156485472646,40.56886357314186,1.5480915247767786,83.38820438085877,16.61179561914124,5.464433733305601,6.399878357887169,8.044042580843179,0.00019570765118208822,2.631343871050918,4.198372063670128,40.56886357314186
93,3.515137522009075,2.6983970036642315,4.198353213898968,-1.8033689952639715,0.0017335297510131795,33.147486361012966,40.27804845768325,1.5323755631868592,82.54166152720488,17.45833847279512,5.408053847919241,6.352954362646654,8.049563110518722,0.00016973035414298698,2.6983970036642315,4.198353213898968,40.27804845768325
94,3.50830390643132,2.6338485871981514,4.197873789078739,-1.8026707531194943,0.003201402568771493,33.007275861749356,40.2921849196155,1.5269528268489705,82.24956494324317,17.75043505675683,5.379735580805939,6.339734174286362,8.041147110250963,0.00024590019846689034,2.6338485871981514,4.197873789078739,40.2921849196155
95,3.509190808443004,2.671566207861818,4.197955644238241,-1.7958941337499832,0.0012207622759792553,32.91990812745461,40.184384347174266,1.5169573017136326,81.71115433925789,18.288845660742115,5.343712443595246,6.314908645370295,8.042315984561625,0.00018278054189891607,2.671566207861818,4.197955644238241,40.184384347174266
96,3.5068097579555353,2.6540810507928123,4.197918434710392,-1.7953449635277947,0.0027177292470912523,32.99903328622305,40.320066232195046,1.5118975960142693,81.43861246029738,18.561387539702626,5.322789812727109,6.309220835475288,8.035608933691933,0.0004213275931608656,2.6540810507928123,4.197918434710392,40.320066232195046
97,3.50609090727422,2.656849703962618,4.197739340034368,-1.7893518988259454,0.002966026743767936,33.03772281691292,40.336505612651585,1.5065638960681105,81.1513118362076,18.848688163792406,5.3022549626548106,6.28604544215455,8.031780039626119,0.0006262307271084329,2.656849703962618,4.197739340034368,40.336505612651585
98,3.5037157727265953,2.6363048614501152,4.19785490446139,-1.7883879159763683,0.0019690360203288167,33.07740307192613,40.43267631588412,1.5015453526671363,80.88098717121403,19.119012828785962,5.281445667710866,6.2789556865986915,8.034888711729371,0.0003046802224203331,2.6363048614501152,4.19785490446139,40.43267631588412
99,3.5067479961367156,2.69951692300468,4.197306756122815,-1.7815447770741009,0.002722369357879482,33.054679815239886,40.314538591575015,1.4908444050400238,80.30457886878683,19.695421131213166,5.24532040443018,6.256836849941627,8.03550171689954,0.0004459339862002142,2.69951692300468,4.197306756122815,40.314538591575015
100,3.5058813026542324,2.698216006032282,4.197528212001444,-1.7753115642966961,0.0006217348755526608,33.11570360624461,40.386661855917744,1.485868384561201,80.03654470798278,19.963455292017215,5.226254316365284,6.232720369266864,8.029251318858504,0.0008814391983208428,2.698216006032282,4.197528212001444,40.386661855917744
101,3.504168333530808,2.6911707598773864,4.19743662221161,-1.7742377662318363,0.002574506411845257,33.12942148982364,40.43384612547835,1.480413677976106,79.74272604140161,20.25727395859839,5.204421249927886,6.226059793147269,8.028485208128899,2.9100709153966184e-05,2.6911707598773864,4.19743662221161,40.43384612547835
102,3.5030568931470634,2.690162319231471,4.197717228550219,-1.773860289771637,0.002304044135428048,33.13068131049335,40.44479269068758,1.4752095869031632,79.46240682056631,20.537593179433685,5.184214862199954,6.222339647217568,8.027280128227206,7.336732794585686e-05,2.690162319231471,4.197717228550219,40.44479269068758
103,3.4982324882487936,2.6355034454892072,4.192454851360723,-1.780970241981452,0.0013818757062667917,33.200692103297186,40.58499656066617,1.4859035988304024,80.03844153038008,19.96155846961991,5.217622076722036,6.2423056400711365,8.018582439400497,0.00015393516909709566,2.6355034454892072,4.192454851360723,40.58499656066617
104,3.5065859365661325,2.6594753656507684,4.202845001527377,-1.7879098523188452,0.003790346438351921,33.78697527817091,40.99869158762305,1.4960918298136696,80.58723226653154,19.412767733468446,5.268265429268696,6.284101221931817,8.050379325467052,0.0003430317518132481,2.6594753656507684,4.202845001527377,40.99869158762305
105,3.5014571406979607,2.644554999824577,4.197952808231904,-1.780229415660985,0.0029141195307161565,33.673365085761986,40.997807625227495,1.4808005946928984,79.76356737393388,20.23643262606612,5.205237376265943,6.246251320647522,8.037025986206597,0.00014886916344664214,2.644554999824577,4.197952808231904,40.997807625227495
106,3.5016583871628097,2.6719601666204564,4.198017952345714,-1.773101516889421,0.0007844165488200334,33.535818118317145,40.84213757482493,1.4697543268466824,79.168558341158,20.831441658842,5.164275378558235,6.218722576595316,8.031018831097635,0.00022526909587968763,2.6719601666204564,4.198017952345714,40.84213757482493
107,3.4966186408455298,2.6598211033173382,4.192162800008929,-1.7705879947441514,0.005446235642757207,33.322699821885095,40.69012464267011,1.4539012274845928,78.31462853887025,21.68537146112976,5.10074321994847,6.200268579612117,8.017588346737574,3.029608092844924e-05,2.6598211033173382,4.192162800008929,40.69012464267011
108,3.4991645719433246,2.688360455508818,4.196993378341778,-1.7600629827474803,0.0015596672777035013,33.346230327490304,40.69938049882204,1.4541462067235693,78.32782438583529,21.67217561416471,5.103266358770504,6.165227138885534,8.022041225023328,4.120959867696094e-05,2.688360455508818,4.196993378341778,40.69938049882204
109,3.4960807773600733,2.6376728619288525,4.197603515102162,-1.765575132998529,0.002686593832583876,33.64948900485924,41.06026204078849,1.455023751906683,78.37509350133121,21.62490649866879,5.104470685434933,6.182382511415378,8.036193696135912,9.66119250230016e-05,2.6376728619288525,4.197603515102162,41.06026204078849
110,3.4959014526387993,2.645120521151077,4.196406678544622,-1.7588271887545277,0.0031991265142638165,33.79269513542103,41.19696040482682,1.449042163761236,78.05289427291893,21.947105727081066,5.082670664301841,6.1575123527137885,8.026160549844523,8.24191007881587e-05,2.645120521151077,4.196406678544622,41.19696040482682
111,3.497586979902671,2.698012437629632,4.197098662004674,-1.7516428147438297,0.003781794323562663,33.52446663707275,40.84446688602949,1.4386709371480566,77.49424644709048,22.50575355290952,5.04523279959342,6.131163513873289,8.021442496241262,5.4515536312611037e-05,2.698012437629632,4.197098662004674,40.84446688602949
112,3.4956989619989507,2.6928942772989077,4.196909312093871,-1.7513097768253418,0.0013123608369275883,33.39042251934235,40.764203830749366,1.433445432156979,77.21277376203588,22.787226237964116,5.023804004912511,6.125928093504027,8.020161996053675,0.0007645673401740435,2.6928942772989077,4.196909312093871,40.764203830749366
113,3.492875380810072,2.6483923655058113,4.197105220217278,-1.7511840784846122,0.0017334904566314662,33.67370212742761,41.11212504270441,1.4333958900838095,77.21010517012333,22.789894829876665,5.02144565611644,6.123081947679328,8.031447880380588,0.0004745776556760474,2.6483923655058113,4.197105220217278,41.11212504270441
114,3.4955107642336807,2.6832134764261997,4.196244829545076,-1.7446206812145286,0.0022931157457021885,33.91080564765892,41.27256611507568,1.42806487344776,76.92294908297353,23.07705091702646,5.005302837423021,6.103295046776018,8.020571719278923,0.00014478533709880815,2.6832134764261997,4.196244829545076,41.27256611507568
115,3.4942333590450825,2.684960445221862,4.1968026018066595,-1.7436362428649814,0.0014033494395084456,33.7850680599871,41.15574924454392,1.4229203181741186,76.64583676775116,23.354163232248837,4.984921553651983,6.096664110684113,8.02629360235549,0.0003744654030502947,2.684960445221862,4.1968026018066595,41.15574924454392
116,3.491197414255986,2.669922120529456,4.196227405416926,-1.7425325036061032,0.00328323198086081,33.61126807392733,41.03237216951879,1.417429032731308,76.35004777498811,23.64995222501188,4.960907056314797,6.087155004684651,8.010464469544658,0.00021991019412709783,2.669922120529456,4.196227405416926,41.03237216951879
117,3.488909408157623,2.664105530655056,4.196558172556389,-1.7419837011363046,0.0026192373361047815,33.45598581472246,40.937269906716935,1.412409228794446,76.07965521102183,23.92034478897817,4.9397663764946245,6.080414183326559,8.012171841053341,0.0005053037226721294,2.664105530655056,4.196558172556389,40.937269906716935
118,3.487376295811431,2.634098605983684,4.196870541112335,-1.7421680980861822,0.0010338439367061337,33.723267448788484,41.240704611971786,1.412578792940193,76.08878881159706,23.91121118840294,4.939588757711991,6.0802805265456135,8.031117200711028,0.00026689786893899903,2.634098605983684,4.196870541112335,41.240704611971786
119,3.491994243745711,2.68378702970616,4.196795527524874,-1.7358413784206181,0.002279801917616979,34.05007636985734,41.43649987692296,1.4075983731469897,75.82051768100095,24.179482318999046,4.927526316326989,6.064540482365989,8.02080433939697,0.0002705841098823048,2.68378702970616,4.196795527524874,41.43649987692296
120,3.491585878898649,2.660031949282934,4.189287343772767,-1.7567879869499756,0.0036040078454246437,33.889346908026745,41.16703904201915,1.4333920485221476,77.20989824377314,22.790101756226868,5.0220914614444885,6.1433031950570465,8.008861598476422,0.00031256025094704784,2.660031949282934,4.189287343772767,41.16703904201915
121,3.4955762270464255,2.650011641082063,4.201144545237731,-1.7573176114092575,0.0022668920626443224,34.067648550088656,41.36216559728765,1.4382550176792908,77.47184287655712,22.528157123442877,5.046349223778607,6.15386343781448,8.033273908011962,0.0008197081105035685,2.650011641082063,4.201144545237731,41.36216559728765
122,3.4938988589692483,2.6936969083341418,4.196925753814179,-1.742762839332656,0.003419658941394484,33.75168100943646,41.02198772703674,1.4173547174485526,76.34604477007024,23.65395522992977,4.965911562249644,6.094085893182088,8.024988481985888,0.0002569734741892341,2.6936969083341418,4.196925753814179,41.02198772703674
123,3.4915916296838394,2.697073130067154,4.196901090271507,-1.7352637407600362,0.0025963216962809578,33.46482299584788,40.78818812957494,1.406981663677643,75.78729852409039,24.212701475909615,4.92402835807867,6.061129406520744,8.028761461908323,0.00014477718254781702,2.697073130067154,4.196901090271507,40.78818812957494
124,3.4885729299834787,2.6806995515145213,4.196688955833435,-1.7344350518111926,0.002009419144474731,33.40210697922145,40.81506138506309,1.4012037783587625,75.47607178190572,24.523928218094284,4.89926583541915,6.052517811055075,8.019999670828087,0.0005157672853438472,2.6806995515145213,4.196688955833435,40.81506138506309
125,3.4869021151089834,2.6695398084864568,4.196339302740304,-1.7280392046289716,0.004647788990613573,33.41068891771223,40.858374219876424,1.3967008232726328,75.23351936621818,24.766480633781825,4.880795759144988,6.026894781999302,8.007541844862988,4.394313083048669e-06,2.6695398084864568,4.196339302740304,40.858374219876424
126,3.4855485210036425,2.671695307817951,4.196181412764837,-1.7326888725308258,0.0022916013939350667,33.38984948261314,40.839876773287166,1.391284788852726,74.94178378216989,25.058216217830108,4.859842275843864,6.040304606526332,8.021254682365575,6.60569486059434e-05,2.671695307817951,4.196181412764837,40.839876773287166
127,3.4838912547260388,2.661289185949965,4.195770804194879,-1.7260735249920125,0.002276420033202403,33.3700433438796,40.85376069244676,1.3862287677978349,74.66944037718937,25.330559622810622,4.839005937424471,6.013608956762099,8.020218298501113,3.9043389880530725e-05,2.661289185949965,4.195770804194879,40.85376069244676
128,3.483198941484065,2.667817533540102,4.195456241846729,-1.7195393742714096,0.0016756334707971991,33.27215987470977,40.74795214258888,1.3804366761974138,74.35744841131499,25.642551588685,4.816395070393216,5.987746452294148,8.015539171494739,6.241999211106744e-05,2.667817533540102,4.195456241846729,40.74795214258888
129,3.483627444709889,2.684008069130594,4.19654355365607,-1.7185829844462923,0.0022384407354535305,33.222444215660225,40.68794001196382,1.3752364150256224,74.07733548873459,25.92266451126541,4.797910909259677,5.984059146496118,8.011337573639564,0.0002744726202346981,2.684008069130594,4.19654355365607,40.68794001196382
130,3.480172442538601,2.6585256208771644,4.194357133255019,-1.717672415155695,0.004913397668118928,33.26207748383125,40.7810749453613,1.3705128024895008,73.82289732324247,26.177102676757524,4.777249741229466,5.975506761997558,7.998668688078622,0.00016153723888899011,2.6585256208771644,4.194357133255019,40.7810749453613
131,3.4784521486109754,2.6372250579822927,4.195863681881766,-1.7177080769362933,0.001179478056536671,33.31202990551653,40.88159339768709,1.3705085566270399,73.8226686191633,26.177331380836712,4.775272397477444,5.973185762610534,7.995377458429831,2.942148335448025e-06,2.6372250579822927,4.195863681881766,40.88159339768709
132,3.4785782556105507,2.6514257735606432,4.1955845546644195,-1.7109669363015378,0.0025249486819050103,33.25287943255863,40.81191473576834,1.3647355108681518,73.51170256067292,26.488297439327095,4.753877212610102,5.948155061889452,8.006487763132956,1.0409089315054408e-06,2.6514257735606432,4.1955845546644195,40.81191473576834
133,3.4825195584604574,2.676384659108382,4.188483624251573,-1.7184206130755166,0.0023505638634883142,33.745054045019884,41.11793533148924,1.375392016895762,74.08571700903981,25.914282990960192,4.79961220207709,5.984935797763461,7.987521515329929,0.00026146792923825864,2.676384659108382,4.188483624251573,41.11793533148924
134,3.4886823636752835,2.6949138502817815,4.200346502821317,-1.7260471943596487,0.0021180176276842364,33.88841975386692,41.248795355864885,1.3861115151535393,74.6631245442362,25.336875455763803,4.846826814816758,6.023700040532128,8.020345756880953,4.29118207195567e-05,2.6949138502817815,4.200346502821317,41.248795355864885
135,3.4858502383832746,2.6973343716306273,4.1981749992980655,-1.7120216134085062,0.0015018865835744713,33.73537569964251,41.16242984455477,1.3698500035838939,73.78719555127383,26.212804448726164,4.782827602953771,5.965751184605691,8.007300658810516,0.0002204197600597596,2.6973343716306273,4.1981749992980655,41.16242984455477
136,3.478794177297152,2.642540259937964,4.195715092938243,-1.711022510206629,0.0014907630238953716,33.59131052719713,41.16437554618679,1.3647827949260758,73.5142495242232,26.485750475776804,4.755795379810914,5.950515046455351,8.002126630598596,7.857504085236509e-06,2.642540259937964,4.195715092938243,41.16437554618679
137,3.4812826020756735,2.699226257883075,4.195755769877104,-1.703421414006958,0.002981994184247595,33.32366688599415,40.864216180205034,1.3543220466259964,72.95077959801873,27.049220401981277,4.719067232143142,5.923790335932718,8.013621022649629,0.00014254036443409822,2.699226257883075,4.195755769877104,40.864216180205034
138,3.480352041587074,2.676480329780849,4.195911764444989,-1.703574708739156,0.0015383602403595874,33.691961507697364,41.25434553511566,1.3546417018378962,72.96799787853683,27.032002121463172,4.720665458231768,5.9244772420407665,8.003640107045824,0.00036348182970775245,2.676480329780849,4.195911764444989,41.25434553511566
139,3.4781127815565127,2.642142168479886,4.195824004004723,-1.7034912994217157,0.0030940952671648994,33.887639684793655,41.45023191903855,1.3547039213192407,72.97134934112401,27.028650658875993,4.719115955034918,5.922246881138538,8.00173412381611,9.929760774581896e-05,2.642142168479886,4.195824004004723,41.45023191903855
140,3.4765867130506125,2.644725254926797,4.196258226051591,-1.7023383270190764,0.0056941514906116535,33.67308060941856,41.27708509224051,1.349314997503458,72.68107407422197,27.318925925778032,4.696913397382726,5.91415580319761,8.006984825226736,2.0737291643534943e-05,2.644725254926797,4.196258226051591,41.27708509224051
141,3.4733769291841643,2.632270655366611,4.196612664794988,-1.7014238498912502,0.0031481012336326926,33.411988203265814,41.064605154983276,1.3441891937970554,72.40497181525036,27.59502818474963,4.673992832132636,5.90419578370202,8.007845954622374,9.264790477722988e-06,2.632270655366611,4.196612664794988,41.064605154983276
142,3.4726366397371127,2.6391006118876117,4.195850781215982,-1.6950436046971957,0.0017629793721903892,33.29926524979532,40.99284868101728,1.3389913790695755,72.12499067079483,27.875009329205174,4.65322664909048,5.878538937621237,8.002698294321723,0.0001230124815665727,2.6391006118876117,4.195850781215982,40.99284868101728
143,3.473439372740961,2.637841830893275,4.1960023929619235,-1.695057731610264,0.005009392491167575,33.59980731390034,41.29040553417739,1.3389145230206971,72.1208508070922,27.87914919290781,4.654886762982606,5.881211510835942,8.004752956161893,6.283879774158043e-05,2.637841830893275,4.1960023929619235,41.29040553417739
144,3.4754777099091454,2.668286095904868,4.196207586734141,-1.6937809113323188,0.0025365511428236684,33.61961195858584,41.22740227746052,1.3340066759761655,71.8564888195292,28.14351118047079,4.639183381608167,5.878519205473768,8.001674350891511,7.027868879185482e-05,2.668286095904868,4.196207586734141,41.22740227746052
145,3.4722884821666766,2.6490198126838553,4.195534582569042,-1.6869434054016965,0.0028787153794497824,33.3945201718652,41.04619550953222,1.3286444309174914,71.56765060826295,28.432349391737038,4.615293273324765,5.848172945332039,8.002644127485095,0.00028525782903961525,2.6490198126838553,4.195534582569042,41.04619550953222
146,3.471373665098864,2.664058512378051,4.1957439573980455,-1.686064911294459,0.004270068564987734,33.16734508187535,40.85874389007758,1.3231708992276219,71.27281792431958,28.727182075680425,4.593397922635683,5.841208763643635,8.001152932539805,0.00019819559089903982,2.664058512378051,4.1957439573980455,40.85874389007758
147,3.4726160162875095,2.6883611693898826,4.19586805747139,-1.6795829780331422,0.0023204014455349238,33.10962161613893,40.79196924883506,1.3181691588445197,71.00339835664494,28.996601643355056,4.575873731653439,5.818183732173306,7.990347058539828,0.00011240617337673192,2.6883611693898826,4.19586805747139,40.79196924883506
148,3.4738146874457905,2.6869753836302124,4.195347750909715,-1.6797938402923547,0.004169727934917151,33.46501751186519,41.14127834456325,1.3184664436640334,71.01941165230103,28.980588347698966,4.5796484992476945,5.8225776326877705,8.002402004334073,0.0006088221899585082,2.6869753836302124,4.195347750909715,41.14127834456325
149,3.4701426486639693,2.6507536817766586,4.196065828878837,-1.6851739865098712,0.0033179608221933095,33.442619101404404,41.14429319149828,1.318293040102702,71.01007124097441,28.98992875902559,4.575742383103893,5.837171425355934,7.99775491521433,0.000175276851313656,2.6507536817766586,4.196065828878837,41.14429319149828
150,3.467523652225441,2.6646322789106516,4.184534803011309,-1.6863812036302581,0.0021406905839278507,33.037928170775885,40.66184230912503,1.323872422244268,71.3106055768929,28.68939442310711,4.591918126979543,5.83736986787739,7.971638993107039,0.0004990557061350773,2.6646322789106516,4.184534803011309,40.66184230912503
151,3.476752584083926,2.6400211837268666,4.201240476440081,-1.715777469309528,0.0028823561171506806,33.4949493613756,41.046694544970684,1.3601216766554785,73.26317762261326,26.736822377386737,4.7386159499431155,5.9662574119488125,8.018405600386911,7.670520352708216e-05,2.6400211837268666,4.201240476440081,41.046694544970684
152,3.475895682736913,2.674198661305034,4.195703567262997,-1.7007216920098713,0.0024155477323689854,33.491363029025784,41.0462053156659,1.3395306867947354,72.1540405700353,27.845959429964694,4.661445466006963,5.906614576000237,7.997428876197894,5.4742775509950825e-05,2.674198661305034,4.195703567262997,41.0462053156659
153,3.475812179626641,2.696427051131168,4.195744519551191,-1.6928138295817337,0.004008579519805372,33.329808599922345,40.868302643225604,1.3290286565120697,71.58834698305493,28.41165301694507,4.621676220581529,5.875236358254375,7.999785112941639,0.00015516496324690686,2.696427051131168,4.195744519551191,40.868302643225604
154,3.4746554404904435,2.6928340297696836,4.196363050482315,-1.6861104874993165,0.003616989953114752,33.27302769298771,40.85283588259973,1.3236741274998955,71.29992439790138,28.700075602098618,4.60009947781392,5.848003757499806,7.994417041153229,0.00023385924940880478,2.6928340297696836,4.196363050482315,40.85283588259973
155,3.472301781313944,2.681747855329962,4.1957929878569455,-1.6850437850434057,0.0028522205733032915,33.229879126701434,40.85270645265791,1.318633896753293,71.02843154047166,28.971568459528346,4.578908952211672,5.839462329789943,7.988285551651392,0.00029718450065671436,2.681747855329962,4.1957929878569455,40.85270645265791
156,3.4729305773503527,2.696791414385091,4.195797286482793,-1.678524839793589,0.0012910201456034266,33.20860833999321,40.8263251809212,1.3134751321324272,70.75055383642601,29.24944616357399,4.5601627455345985,5.815332391144301,7.991695169230257,0.0003008689241290209,2.696791414385091,4.195797286482793,40.8263251809212
157,3.4696192030612285,2.664695973142795,4.196349384378125,-1.6839115230941766,0.004289580699201413,33.236115055926255,40.90308836809665,1.3132020634442203,70.73584494666221,29.264155053337788,4.556156460489332,5.830803061738019,7.990303647686992,0.00012486147979998767,2.664695973142795,4.196349384378125,40.90308836809665
158,3.470018470757559,2.679191623358613,4.195609431921248,-1.6773783325850857,0.0019608791198133632,33.18660088296571,40.84337405460518,1.3077959946944353,70.4446461650727,29.555353834927296,4.536387367994077,5.80628387458608,7.989455139283394,9.480657606319385e-05,2.679191623358613,4.195609431921248,40.84337405460518
159,3.470762691935287,2.699983457940659,4.195339917236225,-1.6764253732061751,0.001890284329441244,33.174058099115534,40.81792110626284,1.3030329186405918,70.18808229071344,29.81191770928656,4.519646105396642,5.802642463201581,7.984059887017098,9.690186237489655e-05,2.699983457940659,4.195339917236225,40.81792110626284
160,3.468111467035994,2.666300786624286,4.1954020570061195,-1.67627880896028,0.0024103529115243262,33.253984518546055,40.946993847659506,1.3033573559038205,70.20555815721221,29.79444184278779,4.518332917383193,5.799326599692187,7.9824437826274925,0.0002177575820803919,2.666300786624286,4.1954020570061195,40.946993847659506
161,3.4648625780221494,2.6308501373847837,4.195685302232799,-1.6817992883033974,0.0043239362691777465,33.3198093248819,41.074938058306316,1.3034100438655642,70.20839620292978,29.79160379707022,4.515710618127537,5.815229318593124,7.995115503521486,4.4722743230928024e-05,2.6308501373847837,4.195685302232799,41.074938058306316
162,3.467864133752209,2.673348140468748,4.195561297751176,-1.6750812261110135,0.002138526794169908,33.33765795318199,41.02476444658572,1.2978870806495706,69.9109008817086,30.089099118291397,4.498416000540264,5.79388670712485,7.990310313805066,3.602922769349508e-05,2.673348140468748,4.195561297751176,41.02476444658572
163,3.464021404592563,2.632763831012711,4.196066962029683,-1.675366426273468,0.0014821450901276818,33.29076744042025,41.06214198725253,1.2980735056918902,69.92094269724848,30.079057302751515,4.495092195696156,5.789377960438718,7.993592977511275,7.439337298813231e-05,2.632763831012711,4.196066962029683,41.06214198725253
164,3.4664623858156736,2.6687371180046218,4.196640912532072,-1.674487920109521,0.0016645655980570856,33.27568841807218,40.98366325567302,1.293463613844243,69.67263011532883,30.327369884671167,4.480587160854472,5.7884860042333335,7.986802188127895,0.0004764008953071538,2.6687371180046218,4.196640912532072,40.98366325567302
165,3.46850906693551,2.696396337945361,4.1956235749123225,-1.6674467270234996,0.0026884191804450396,33.32067807371405,40.98234242711097,1.288003392619118,69.37851440175622,30.62148559824378,4.462561539360953,5.765275403920376,7.9933763530966555,0.0010574291757342,2.696396337945361,4.1956235749123225,40.98234242711097
166,3.466806213058136,2.6794834862925194,4.195862008850563,-1.6674702882406252,0.0026918488897051404,33.373149728967185,41.06375085817118,1.2874525221379407,69.34884167276275,30.651158327237248,4.458954972949582,5.763151577514979,7.990278646563336,6.863641207994651e-05,2.6794834862925194,4.195862008850563,41.06375085817118
167,3.4710707220080397,2.6787137407179737,4.18482689434833,-1.6888978346592107,0.001335599326393533,33.713518895948965,41.047029587744966,1.3090153642307354,70.5103277055252,29.489672294474804,4.547121975075507,5.854992889733772,7.967848444150905,4.494254538032519e-05,2.6787137407179737,4.18482689434833,41.047029587744966
168,3.475472204020004,2.655378369801326,4.201968615940368,-1.6979281889133206,0.003306917134878647,33.86531768239223,41.051007697556734,1.3250793286429356,71.37561578838873,28.624384211611257,4.6112125267366455,5.897380668287175,8.0040590010194,0.00040713631088372377,2.655378369801326,4.201968615940368,41.051007697556734
